style1,style2,category
Karla-Italic[wght],Exo-Italic[wght],SANS_SERIF
CabinCondensed-Medium,Niramit-ExtraLightItalic,SANS_SERIF
MuktaMalar-Medium,Sen-Bold,SANS_SERIF
SairaSemiCondensed-Regular,IBMPlexSansKR-Bold,SANS_SERIF
Prompt-SemiBoldItalic,Poppins-ExtraBoldItalic,SANS_SERIF
FiraSansExtraCondensed-Bold,"Archivo[wdth,wght]",SANS_SERIF
Prompt-BlackItalic,KoHo-Light,SANS_SERIF
Sarabun-SemiBold,BeVietnamPro-Light,SANS_SERIF
SairaCondensed-ExtraLight,Khula-Bold,SANS_SERIF
MontserratAlternates-Bold,Tajawal-Light,SANS_SERIF
Poppins-BlackItalic,NotoSans-BlackItalic,SANS_SERIF
BaiJamjuree-Medium,Signika[wght],SANS_SERIF
AlegreyaSans-Bold,Niramit-SemiBold,SANS_SERIF
Lato-MediumItalic,Tuffy-BoldItalic,SANS_SERIF
PT_Sans-Web-Bold,Sansation-BoldItalic,SANS_SERIF
FiraSansExtraCondensed-Light,Mada-ExtraLight,SANS_SERIF
Rubik[wght],IBMPlexSansKR-ExtraLight,SANS_SERIF
Play-Bold,BarlowSemiCondensed-Light,SANS_SERIF
AsapCondensed-Medium,Manjari-Regular,SANS_SERIF
FiraSansExtraCondensed-SemiBoldItalic,Mitr-Regular,SANS_SERIF
Basic-Regular,ProzaLibre-Regular,SANS_SERIF
ChakraPetch-LightItalic,DarkerGrotesque-SemiBold,SANS_SERIF
HammersmithOne-Regular,AtkinsonHyperlegible-Regular,SANS_SERIF
SourceSans3[wght],Capriola-Regular,SANS_SERIF
FiraSans-Medium,HindGuntur-Regular,SANS_SERIF
Rubik-Italic[wght],BarlowSemiCondensed-ExtraLight,SANS_SERIF
TitilliumWeb-LightItalic,AlumniSans-Italic[wght],SANS_SERIF
BarlowSemiCondensed-Black,RedHatText[wght],SANS_SERIF
AlumniSans-Italic[wght],SairaCondensed-Medium,SANS_SERIF
Scada-Bold,JosefinSans-Italic[wght],SANS_SERIF
IBMPlexSans-ExtraLight,"SofiaSans[wdth,wght]",SANS_SERIF
Monda-Bold,FiraSansCondensed-LightItalic,SANS_SERIF
KronaOne-Regular,GothicA1-Bold,SANS_SERIF
EncodeSansSemiCondensed-Regular,IBMPlexSansArabic-Medium,SANS_SERIF
Kodchasan-SemiBoldItalic,Barlow-Italic,SANS_SERIF
Tomorrow-BoldItalic,FiraSansCondensed-Light,SANS_SERIF
IBMPlexSansArabic-Bold,IBMPlexSansKR-Bold,SANS_SERIF
MuktaMalar-ExtraBold,Cuprum-Italic[wght],SANS_SERIF
HindSiliguri-Bold,SignikaNegative[wght],SANS_SERIF
IBMPlexSansCondensed-Light,Thasadith-BoldItalic,SANS_SERIF
BeVietnamPro-BlackItalic,Philosopher-Italic,SANS_SERIF
Kanit-ThinItalic,YaldeviColombo-ExtraLight,SANS_SERIF
Questrial-Regular,IBMPlexSansArabic-Medium,SANS_SERIF
IBMPlexSansHebrew-Medium,Sansita-Italic,SANS_SERIF
AverageSans-Regular,FiraSans-Regular,SANS_SERIF
Basic-Regular,Sarabun-LightItalic,SANS_SERIF
HindJalandhar-Regular,Rajdhani-Regular,SANS_SERIF
Marvel-Bold,Tomorrow-ExtraLightItalic,SANS_SERIF
Teko-Medium,Kodchasan-SemiBold,SANS_SERIF
Niramit-Regular,DMSans-Regular,SANS_SERIF
MontserratAlternates-Bold,NunitoSans-BoldItalic,SANS_SERIF
TitilliumWeb-LightItalic,Lato-BoldItalic,SANS_SERIF
Sansation-Regular,K2D-Medium,SANS_SERIF
Jura[wght],CabinCondensed-Medium,SANS_SERIF
"Cabin[wdth,wght]",Quantico-Italic,SANS_SERIF
Chathura-ExtraBold,Mitr-SemiBold,SANS_SERIF
IBMPlexSansThaiLooped-SemiBold,AlegreyaSans-Regular,SANS_SERIF
DuruSans-Regular,JosefinSans-Italic[wght],SANS_SERIF
Blinker-ExtraBold,Asul-Bold,SANS_SERIF
Nobile-Italic,NotoSans-SemiBoldItalic,SANS_SERIF
Economica-Italic,Tajawal-ExtraLight,SANS_SERIF
Convergence-Regular,IBMPlexSansCondensed-Bold,SANS_SERIF
MontserratAlternates-Black,Krub-Bold,SANS_SERIF
Englebert-Regular,Sansita-ExtraBold,SANS_SERIF
Cagliostro-Regular,IBMPlexSansArabic-ExtraLight,SANS_SERIF
Gudea-Regular,Alef-Regular,SANS_SERIF
FiraSansExtraCondensed-Italic,NunitoSans-ExtraBoldItalic,SANS_SERIF
Anaheim-Regular,Athiti-Bold,SANS_SERIF
ZCOOLKuaiLe-Regular,SpaceGrotesk[wght],SANS_SERIF
IBMPlexSans-Thin,YaldeviColombo-Light,SANS_SERIF
Exo-Italic[wght],EncodeSansCondensed-ExtraLight,SANS_SERIF
AllertaStencil-Regular,Mitr-ExtraLight,SANS_SERIF
Krub-SemiBoldItalic,BeVietnamPro-ExtraLight,SANS_SERIF
DenkOne-Regular,Philosopher-Regular,SANS_SERIF
Rajdhani-Medium,SourceSansPro-Light,SANS_SERIF
NotoSans-Italic,EncodeSansExpanded-SemiBold,SANS_SERIF
Palanquin-Medium,KulimPark-LightItalic,SANS_SERIF
Prompt-Thin,BarlowCondensed-Black,SANS_SERIF
Sarabun-ExtraLight,Puritan-Italic,SANS_SERIF
Karla[wght],Oxygen-Light,SANS_SERIF
Strong-Regular,Lato-MediumItalic,SANS_SERIF
AlegreyaSansSC-MediumItalic,"Recursive[CASL,CRSV,MONO,slnt,wght]",SANS_SERIF
TenaliRamakrishna-Regular,Barlow-Light,SANS_SERIF
Puritan-Regular,EncodeSansExpanded-ExtraBold,SANS_SERIF
Mukta-ExtraBold,Yantramanav-Regular,SANS_SERIF
Prompt-SemiBold,AlegreyaSans-BoldItalic,SANS_SERIF
Sarabun-ExtraLight,Lekton-Italic,SANS_SERIF
Livvic-MediumItalic,Amaranth-Regular,SANS_SERIF
Varela-Regular,MochiyPopPOne-Regular,SANS_SERIF
Sarabun-ExtraBoldItalic,BarlowSemiCondensed-Medium,SANS_SERIF
WendyOne-Regular,QuattrocentoSans-Bold,SANS_SERIF
KoHo-Bold,Raleway-Italic[wght],SANS_SERIF
AlegreyaSansSC-ThinItalic,Spinnaker-Regular,SANS_SERIF
Tomorrow-BoldItalic,Michroma,SANS_SERIF
FiraSansExtraCondensed-Medium,IBMPlexSansCondensed-Regular,SANS_SERIF
MontserratAlternates-Bold,AdventPro-Thin,SANS_SERIF
BarlowCondensed-ExtraLight,FiraSansCondensed-SemiBold,SANS_SERIF
DarkerGrotesque-Black,Mako-Regular,SANS_SERIF
Niramit-LightItalic,EncodeSansCondensed-Regular,SANS_SERIF
Livvic-Medium,Niramit-ExtraLightItalic,SANS_SERIF
Trirong-BlackItalic,DMSerifDisplay-Italic,SERIF
Artifika-Regular,CormorantUpright-Bold,SERIF
Trirong-ExtraLight,Solway-Bold,SERIF
IMFeGPrm28P,Adamina-Regular,SERIF
ShipporiMinchoB1-SemiBold,Grenze-Thin,SERIF
Spectral-ExtraBoldItalic,ZillaSlab-LightItalic,SERIF
AlegreyaSC-Bold,Spectral-SemiBold,SERIF
KaiseiHarunoUmi-Medium,Neuton-Regular,SERIF
YujiBoku-Regular,Arvo-Regular,SERIF
AlegreyaSC-BoldItalic,IMFePIit28P,SERIF
SpectralSC-SemiBold,Suwannaphum-Regular,SERIF
Gelasio-Italic,"NotoSerifDisplay-Italic[wdth,wght]",SERIF
ScheherazadeNew-Regular,ZillaSlab-LightItalic,SERIF
PT_Serif-Web-Italic,Amiri-Italic,SERIF
Castoro-Regular,CormorantInfant-Bold,SERIF
Cutive-Regular,Buenard-Regular,SERIF
InknutAntiqua-Light,IBMPlexSerif-ThinItalic,SERIF
Trirong-LightItalic,Uchen-Regular,SERIF
Amiri-BoldItalic,Pridi-Medium,SERIF
Hanuman-Regular,FrankRuhlLibre-Regular,SERIF
FaunaOne-Regular,SourceSerifPro-LightItalic,SERIF
Italiana-Regular,Taviraj-ThinItalic,SERIF
Volkhov-Regular,ShipporiMincho-Medium,SERIF
Baskervville-Italic,Vollkorn[wght],SERIF
IMFeFCit28P,Suwannaphum-Regular,SERIF
Maitree-ExtraLight,Pridi-Medium,SERIF
Kameron-Bold,Taviraj-Light,SERIF
AbhayaLibre-Medium,Spectral-ExtraBoldItalic,SERIF
SourceSerifPro-Light,Taviraj-BlackItalic,SERIF
Almendra-BoldItalic,ZillaSlab-LightItalic,SERIF
VesperLibre-Regular,IBMPlexSerif-Thin,SERIF
Enriqueta-Medium,SourceSerifPro-Light,SERIF
Trirong-ThinItalic,Martel-Light,SERIF
Solway-ExtraBold,Spectral-Medium,SERIF
Thabit,Slabo13px-Regular,SERIF
Petrona-Italic[wght],CormorantInfant-Light,SERIF
Aleo-Regular,Karma-Medium,SERIF
Trirong-ExtraBoldItalic,Caudex-BoldItalic,SERIF
SourceSerifPro-SemiBold,Arapey-Italic,SERIF
Trocchi-Regular,Trykker-Regular,SERIF
VollkornSC-Black,Hahmlet[wght],SERIF
DMSerifText-Italic,Pridi-SemiBold,SERIF
PortLligatSlab-Regular,ZillaSlab-Light,SERIF
Arapey-Italic,CormorantInfant-MediumItalic,SERIF
ShipporiMincho-SemiBold,FrankRuhlLibre-Light,SERIF
SourceSerifPro-SemiBoldItalic,Hahmlet[wght],SERIF
Spectral-ExtraLightItalic,IBMPlexSerif-Italic,SERIF
CormorantInfant-Italic,Taviraj-BoldItalic,SERIF
Arvo-Bold,NewTegomin-Regular,SERIF
KiwiMaru-Light,JosefinSlab-Italic[wght],SERIF
Besley[wght],SpectralSC-ExtraLightItalic,SERIF
AnticDidone-Regular,IBMPlexSerif-MediumItalic,SERIF
Unna-Regular,Spectral-Medium,SERIF
Italiana-Regular,Taviraj-Medium,SERIF
DMSerifDisplay-Regular,Buenard-Regular,SERIF
Taviraj-Regular,IBMPlexSerif-SemiBoldItalic,SERIF
Taviraj-Black,LibreBaskerville-Italic,SERIF
Rufina-Bold,Mate-Regular,SERIF
Almendra-BoldItalic,Gabriela-Regular,SERIF
IBMPlexSerif-SemiBold,Grenze-BlackItalic,SERIF
Trirong-BlackItalic,CormorantInfant-Light,SERIF
Spectral-ExtraBold,Amiri-Italic,SERIF
CormorantSC-Bold,IMFeGPrm28P,SERIF
DonegalOne-Regular,"BodoniModa[opsz,wght]",SERIF
PlayfairDisplaySC-BlackItalic,Grenze-ExtraLightItalic,SERIF
Arapey-Italic,Taviraj-ExtraLightItalic,SERIF
IbarraRealNova[wght],RhodiumLibre-Regular,SERIF
Trirong-ExtraLightItalic,FrankRuhlLibre-Regular,SERIF
DavidLibre-Medium,Grenze-Medium,SERIF
Caladea-Bold,Radley-Italic,SERIF
AnticSlab-Regular,Alegreya[wght],SERIF
PT_Serif-Web-Regular,Copse-Regular,SERIF
AlegreyaSC-Medium,CrimsonPro-Italic[wght],SERIF
KaiseiOpti-Regular,ZillaSlab-SemiBold,SERIF
Castoro-Regular,Hanuman-Light,SERIF
SourceSerifPro-Light,MarcellusSC-Regular,SERIF
Bentham-Regular,Spectral-SemiBoldItalic,SERIF
Martel-UltraLight,Grenze-SemiBoldItalic,SERIF
"BodoniModa-Italic[opsz,wght]",Pridi-Regular,SERIF
CormorantInfant-Medium,OFLGoudyStMTT,SERIF
PT_Serif-Caption-Web-Regular,Spectral-Bold,SERIF
GenBkBasB,STIXTwoMath-Regular,SERIF
IbarraRealNova-Italic[wght],CrimsonText-BoldItalic,SERIF
SpectralSC-Bold,DellaRespira-Regular,SERIF
DavidLibre-Bold,InriaSerif-Italic,SERIF
Lora[wght],Bitter-Italic[wght],SERIF
Gupter-Medium,KaiseiHarunoUmi-Regular,SERIF
AbhayaLibre-Medium,JosefinSlab[wght],SERIF
Trirong-Black,Thabit-Oblique,SERIF
Jomolhari-Regular,Grenze-ExtraLightItalic,SERIF
Judson-Bold,Lusitana-Bold,SERIF
KaiseiHarunoUmi-Medium,SourceSerifPro-ExtraLightItalic,SERIF
Sedan-Regular,CormorantInfant-MediumItalic,SERIF
BioRhyme-Regular,SpectralSC-Italic,SERIF
Sumana-Bold,Caudex-Bold,SERIF
JacquesFrancois-Regular,GowunBatang-Regular,SERIF
IMFeGPsc28P,LindenHill-Regular,SERIF
Pridi-SemiBold,Grenze-BoldItalic,SERIF
CormorantSC-Regular,Taviraj-Bold,SERIF
AbhayaLibre-Medium,"Imbue[opsz,wght]",SERIF
Geostar-Regular,NovaCut,DISPLAY
Katibeh-Regular,PurplePurse-Regular,DISPLAY
AveriaGruesaLibre-Regular,Asset-Regular,DISPLAY
Karantina-Regular,Skranji-Regular,DISPLAY
LifeSavers-Bold,AveriaSerifLibre-LightItalic,DISPLAY
PostNoBillsColombo-Light,Mirza-Regular,DISPLAY
OleoScript-Regular,GoblinOne,DISPLAY
Share-Italic,FascinateInline-Regular,DISPLAY
NosiferCaps-Regular,Rye-Regular,DISPLAY
Diplomata-Regular,Chonburi-Regular,DISPLAY
Bellota-Bold,Allan-Regular,DISPLAY
Coda-Regular,Sniglet-ExtraBold,DISPLAY
Gruppo-Regular,Share-Regular,DISPLAY
Buda-Light,PurplePurse-Regular,DISPLAY
TurretRoad-ExtraBold,JollyLodger-Regular,DISPLAY
ZenLoop-Regular,Goldman-Bold,DISPLAY
Trochut-Bold,PoiretOne-Regular,DISPLAY
Gruppo-Regular,LifeSavers-Bold,DISPLAY
BigshotOne-Regular,Grandstander[wght],DISPLAY
Bokor-Regular,ProstoOne-Regular,DISPLAY
ExpletusSans[wght],Iceberg-Regular,DISPLAY
Voces-Regular,Bellota-Italic,DISPLAY
AkayaTelivigala-Regular,AveriaSerifLibre-Light,DISPLAY
ArimaMadurai-Thin,LondrinaSolid-Regular,DISPLAY
BalooTamma2[wght],Dangrek-Regular,DISPLAY
Bahiana-Regular,Unlock-Regular,DISPLAY
LibreBarcode39Extended-Regular,StardosStencil-Bold,DISPLAY
Bellota-LightItalic,Battambang-Bold,DISPLAY
Baumans-Regular,Monoton-Regular,DISPLAY
AveriaGruesaLibre-Regular,ArimaMadurai-Black,DISPLAY
Corben-Bold,FascinateInline-Regular,DISPLAY
BigelowRules-Regular,SyneTactile-Regular,DISPLAY
HappyMonkey-Regular,FrederickatheGreat-Regular,DISPLAY
Ribeye-Regular,Lancelot-Regular,DISPLAY
Knewave-Regular,KirangHaerang-Regular,DISPLAY
BlackOpsOne-Regular,GravitasOne,DISPLAY
Corben-Regular,Miltonian-Regular,DISPLAY
FreckleFace-Regular,BigShouldersStencilText[wght],DISPLAY
Playball-Regular,Battambang-Bold,DISPLAY
UnicaOne-Regular,PorterSansBlock-Regular,DISPLAY
LibreBarcode39Extended-Regular,ConcertOne-Regular,DISPLAY
SyneTactile-Regular,Grandstander-Italic[wght],DISPLAY
SquadaOne-Regular,Bellota-LightItalic,DISPLAY
StardosStencil-Regular,KohSantepheap-Regular,DISPLAY
Koulen-Regular,Rowdies-Bold,DISPLAY
CarterOne,Baloo2[wght],DISPLAY
Nosifer-Regular,Sancreek-Regular,DISPLAY
LondrinaSolid-Regular,Battambang-Regular,DISPLAY
LibreBarcode39ExtendedText-Regular,AveriaLibre-Bold,DISPLAY
Geostar-Regular,Rye-Regular,DISPLAY
PostNoBillsColombo-Bold,LoveYaLikeASister,DISPLAY
RedRose[wght],Overlock-Black,DISPLAY
KirangHaerang-Regular,Goldman-Bold,DISPLAY
Sail-Regular,Grandstander[wght],DISPLAY
CinzelDecorative-Black,GermaniaOne-Regular,DISPLAY
EricaOne-Regular,CroissantOne-Regular,DISPLAY
Galada-Regular,Sancreek-Regular,DISPLAY
UnicaOne-Regular,LondrinaSolid-Regular,DISPLAY
Margarine-Regular,Iceland-Regular,DISPLAY
Trochut-Regular,Monofett,DISPLAY
Playball-Regular,Langar-Regular,DISPLAY
Megrim,RuslanDisplay,DISPLAY
Karantina-Regular,AlmendraDisplay-Regular,DISPLAY
Monoton-Regular,Smythe-Regular,DISPLAY
TurretRoad-ExtraBold,MetalMania-Regular,DISPLAY
KohSantepheap-Bold,Overlock-Regular,DISPLAY
Mogra-Regular,BalooBhai2[wght],DISPLAY
BalsamiqSans-Regular,Barrio-Regular,DISPLAY
GlassAntiqua-Regular,Oldenburg-Regular,DISPLAY
Bevan-Italic,TrainOne-Regular,DISPLAY
PressStart2P-Regular,Pushster-Regular,DISPLAY
Mirza-Regular,Overlock-BoldItalic,DISPLAY
PoiretOne-Regular,Underdog-Regular,DISPLAY
PassionOne-Regular,SairaStencilOne-Regular,DISPLAY
AkayaTelivigala-Regular,CaesarDressing-Regular,DISPLAY
TurretRoad-Regular,Overlock-BlackItalic,DISPLAY
OleoScriptSwashCaps-Regular,MedievalSharp,DISPLAY
SeaweedScript-Regular,Pushster-Regular,DISPLAY
Baloo2[wght],MetalMania-Regular,DISPLAY
LondrinaSketch-Regular,Skranji-Bold,DISPLAY
Gruppo-Regular,OrelegaOne-Regular,DISPLAY
Koulen-Regular,LibreBarcode39Text-Regular,DISPLAY
ArimaMadurai-Thin,TurretRoad-Bold,DISPLAY
LilitaOne-Regular,ZenLoop-Regular,DISPLAY
Chango-Regular,SpicyRice-Regular,DISPLAY
Grandstander-Italic[wght],Srisakdi-Regular,DISPLAY
OleoScript-Bold,PurplePurse-Regular,DISPLAY
CinzelDecorative-Bold,BalooPaaji2[wght],DISPLAY
Elsie-Regular,CevicheOne-Regular,DISPLAY
Comfortaa[wght],BigShouldersStencilText[wght],DISPLAY
LifeSavers-Regular,KohSantepheap-Black,DISPLAY
Forum-Regular,Lobster-Regular,DISPLAY
FreckleFace-Regular,PostNoBillsJaffna-Medium,DISPLAY
ArimaMadurai-Light,Ranga-Bold,DISPLAY
PostNoBillsColombo-Light,Chango-Regular,DISPLAY
Ranga-Regular,BalsamiqSans-BoldItalic,DISPLAY
Akronim-Regular,PollerOne,DISPLAY
RedRose[wght],SeaweedScript-Regular,DISPLAY
Shrikhand-Regular,BalooTammudu2[wght],DISPLAY
Salsa-Regular,Monoton-Regular,DISPLAY
Amita-Regular,Dekko-Regular,HANDWRITING
ComicNeue-LightItalic,Handlee-Regular,HANDWRITING
Devonshire-Regular,NanumMyeongjo-Bold,HANDWRITING
MrsSaintDelafield-Regular,MrDeHaviland-Regular,HANDWRITING
PetitFormalScript-Regular,NanumMyeongjo-ExtraBold,HANDWRITING
AreYouSerious-Regular,BirthstoneBounce-Medium,HANDWRITING
Chilanka-Regular,Amita-Regular,HANDWRITING
Delius-Regular,Pecita,HANDWRITING
Estonia-Regular,Mali-Medium,HANDWRITING
NanumGothic-Bold,AreYouSerious-Regular,HANDWRITING
Sofia-Regular,Yesteryear-Regular,HANDWRITING
JustMeAgainDownHere,NanumMyeongjo-ExtraBold,HANDWRITING
Tillana-SemiBold,IndieFlower-Regular,HANDWRITING
CoveredByYourGrace,Ruthie-Regular,HANDWRITING
MissFajardose-Regular,ShadowsIntoLight,HANDWRITING
Mali-SemiBold,Charm-Bold,HANDWRITING
AreYouSerious-Regular,Festive-Regular,HANDWRITING
Qwigley-Regular,WaitingfortheSunrise,HANDWRITING
ComicNeue-Italic,Delius-Regular,HANDWRITING
Quintessential-Regular,DeliusUnicase-Bold,HANDWRITING
Pangolin-Regular,Birthstone-Regular,HANDWRITING
Explora-Regular,Molle-Regular,HANDWRITING
CoveredByYourGrace,Mali-MediumItalic,HANDWRITING
TheGirlNextDoor,Handlee-Regular,HANDWRITING
NanumMyeongjo-Regular,Niconne-Regular,HANDWRITING
Estonia-Regular,ClickerScript-Regular,HANDWRITING
Sofia-Regular,LovedbytheKing,HANDWRITING
Italianno-Regular,NanumGothic-ExtraBold,HANDWRITING
Vibur-Regular,Mali-Bold,HANDWRITING
NothingYouCouldDo,BirthstoneBounce-Regular,HANDWRITING
IndieFlower-Regular,Carattere-Regular,HANDWRITING
Mali-Medium,Courgette-Regular,HANDWRITING
MervaleScript-Regular,Birthstone-Regular,HANDWRITING
ComicNeue-Light,SedgwickAveDisplay-Regular,HANDWRITING
Fondamento-Regular,Comforter-Regular,HANDWRITING
Cedarville-Cursive,Molle-Regular,HANDWRITING
CoveredByYourGrace,CaveatBrush-Regular,HANDWRITING
Caramel-Regular,Mali-SemiBold,HANDWRITING
KleeOne-Regular,DeliusSwashCaps-Regular,HANDWRITING
Caveat[wght],Tillana-Bold,HANDWRITING
GreyQo-Regular,EuphoriaScript-Regular,HANDWRITING
RedactedScript-Bold,DawningofaNewDay,HANDWRITING
Parisienne-Regular,AlexBrush-Regular,HANDWRITING
Pecita,Corinthia-Regular,HANDWRITING
Ephesis-Regular,KleeOne-SemiBold,HANDWRITING
LiuJianMaoCao-Regular,Charm-Bold,HANDWRITING
BethEllen-Regular,Festive-Regular,HANDWRITING
NanumGothic-ExtraBold,BirthstoneBounce-Medium,HANDWRITING
Pacifico-Regular,AmaticSC-Bold,HANDWRITING
LakkiReddy-Regular,GreatVibes-Regular,HANDWRITING
Quintessential-Regular,GloriaHallelujah,HANDWRITING
EagleLake-Regular,MrDeHaviland-Regular,HANDWRITING
GreatVibes-Regular,BirthstoneBounce-Medium,HANDWRITING
SedgwickAveDisplay-Regular,Tillana-ExtraBold,HANDWRITING
MonteCarlo-Regular,DawningofaNewDay,HANDWRITING
PetitFormalScript-Regular,NanumMyeongjo-Regular,HANDWRITING
Mali-ExtraLightItalic,ShortStack-Regular,HANDWRITING
Romanesco-Regular,SlacksideOne-Regular,HANDWRITING
Miama-Regular,Carattere-Regular,HANDWRITING
Mali-Medium,Mali-LightItalic,HANDWRITING
EuphoriaScript-Regular,LaBelleAurore,HANDWRITING
NothingYouCouldDo,Molle-Regular,HANDWRITING
EastSeaDokdo-Regular,Mali-MediumItalic,HANDWRITING
EastSeaDokdo-Regular,Explora-Regular,HANDWRITING
Miama-Regular,RUSerius-Regular,HANDWRITING
Caramel-Regular,MrsSheppards-Regular,HANDWRITING
Ballet[opsz],Yomogi-Regular,HANDWRITING
Cherish-Regular,Mali-BoldItalic,HANDWRITING
MrsSaintDelafield-Regular,BirthstoneBounce-Medium,HANDWRITING
MrDafoe-Regular,Mali-Medium,HANDWRITING
Fondamento-Italic,Allison-Regular,HANDWRITING
SedgwickAveDisplay-Regular,Molle-Regular,HANDWRITING
CoveredByYourGrace,Mali-SemiBoldItalic,HANDWRITING
Mali-MediumItalic,GrandHotel-Regular,HANDWRITING
MonteCarlo-Regular,Charm-Bold,HANDWRITING
NanumGothic-Bold,Tillana-SemiBold,HANDWRITING
Chilanka-Regular,DrSugiyama-Regular,HANDWRITING
Mali-Medium,Mali-Bold,HANDWRITING
NanumGothic-Bold,Cedarville-Cursive,HANDWRITING
BonheurRoyale-Regular,DawningofaNewDay,HANDWRITING
Tillana-Medium,MissFajardose-Regular,HANDWRITING
DrSugiyama-Regular,DeliusUnicase-Regular,HANDWRITING
Mali-Italic,Tangerine-Bold,HANDWRITING
SedgwickAveDisplay-Regular,MeriendaOne-Regular,HANDWRITING
KleeOne-Regular,ShadowsIntoLight,HANDWRITING
Sacramento-Regular,RougeScript-Regular,HANDWRITING
Fondamento-Italic,ReenieBeanie,HANDWRITING
ComicNeue-Light,HiMelody-Regular,HANDWRITING
Tillana-Bold,Tillana-ExtraBold,HANDWRITING
MrsSaintDelafield-Regular,Kristi-Regular,HANDWRITING
Mali-Bold,PatrickHand-Regular,HANDWRITING
MonteCarlo-Regular,Yesteryear-Regular,HANDWRITING
Charmonman-Bold,Handlee-Regular,HANDWRITING
Cedarville-Cursive,Julee-Regular,HANDWRITING
Sofia-Regular,DrSugiyama-Regular,HANDWRITING
Tillana-Bold,RougeScript-Regular,HANDWRITING
Amita-Bold,GrandHotel-Regular,HANDWRITING
AnnieUseYourTelescope-Regular,RedactedScript-Bold,HANDWRITING
Meddon,NothingYouCouldDo,HANDWRITING
GreatVibes-Regular,EuphoriaScript-Regular,HANDWRITING
Charm-Bold,DMSans-Regular,RANDOM
DoppioOne-Regular,Frijole-Regular,RANDOM
AlegreyaSC-Regular,Solway-Medium,RANDOM
BioRhymeExpanded-Bold,Lato-Medium,RANDOM
Cormorant[wght],YaldeviColombo-Bold,RANDOM
TitilliumWeb-ExtraLightItalic,Jomolhari-Regular,RANDOM
Kodchasan-ExtraLightItalic,RammettoOne-Regular,RANDOM
Kanit-ExtraBold,TurretRoad-ExtraLight,RANDOM
Kanit-ExtraBold,Catamaran[wght],RANDOM
Karantina-Regular,ZenLoop-Italic,RANDOM
Ranchers-Regular,AveriaSansLibre-Italic,RANDOM
IBMPlexSansCondensed-ExtraLight,GlassAntiqua-Regular,RANDOM
IstokWeb-Regular,Radley-Italic,RANDOM
Yrsa-Italic[wght],TulpenOne-Regular,RANDOM
GochiHand-Regular,K2D-LightItalic,RANDOM
Solway-Medium,NewRocker-Regular,RANDOM
HindColombo-Medium,GowunBatang-Bold,RANDOM
BioRhyme-Light,Modak-Regular,RANDOM
InriaSans-LightItalic,EncodeSansExpanded-ExtraLight,RANDOM
Castoro-Italic,AlikeAngular-Regular,RANDOM
AlfaSlabOne-Regular,Lekton-Regular,RANDOM
KaiseiDecol-Medium,Mali-MediumItalic,RANDOM
InknutAntiqua-Regular,TitilliumWeb-ExtraLight,RANDOM
SuezOne-Regular,ProzaLibre-Medium,RANDOM
Rufina-Bold,Lato-Bold,RANDOM
IMFeGPrm28P,Slabo27px-Regular,RANDOM
IMFeENsc28P,Quantico-Bold,RANDOM
Artifika-Regular,SourceSerifPro-ExtraLight,RANDOM
BioRhyme-Regular,MontserratAlternates-Thin,RANDOM
BalooTamma2[wght],Neuton-ExtraLight,RANDOM
Scada-BoldItalic,MontserratAlternates-BlackItalic,RANDOM
Arsenal-Bold,Kodchasan-SemiBold,RANDOM
IBMPlexSansKR-SemiBold,FiraSansCondensed-SemiBold,RANDOM
SairaCondensed-Medium,NovaSquare,RANDOM
Mirza-Medium,Cambay-Italic,RANDOM
Taviraj-BlackItalic,IBMPlexSerif-Medium,RANDOM
Quando-Regular,Grenze-MediumItalic,RANDOM
HindColombo-SemiBold,Geo-Regular,RANDOM
IMFeFCit28P,Kodchasan-MediumItalic,RANDOM
Lato-Black,Stoke-Light,RANDOM
Athiti-Bold,IBMPlexSansKR-Thin,RANDOM
MontserratAlternates-SemiBold,Geo-Oblique,RANDOM
Poppins-SemiBoldItalic,Epilogue-Italic[wght],RANDOM
Spectral-MediumItalic,NotoSans-ExtraLightItalic,RANDOM
Karma-Regular,Belgrano-Regular,RANDOM
KoHo-Light,Jaldi-Regular,RANDOM
LifeSavers-Regular,Exo-Italic[wght],RANDOM
MontserratSubrayada-Bold,DoHyeon-Regular,RANDOM
EncodeSansExpanded-Thin,Fruktur-Regular,RANDOM
IBMPlexSans-SemiBold,HindColombo-Regular,RANDOM
Righteous-Regular,RedactedScript-Bold,RANDOM
KoHo-Italic,Tomorrow-Thin,RANDOM
PatrickHandSC-Regular,Pangolin-Regular,RANDOM
KaiseiTokumin-ExtraBold,CormorantInfant-Medium,RANDOM
Volkhov-Bold,Underdog-Regular,RANDOM
KaiseiHarunoUmi-Regular,LibreBaskerville-Regular,RANDOM
NovaScript-Regular,Karantina-Regular,RANDOM
Creepster-Regular,Tomorrow-Medium,RANDOM
Trirong-BlackItalic,IMFeDPsc28P,RANDOM
AsapCondensed-SemiBold,Grenze-Medium,RANDOM
BarlowSemiCondensed-SemiBold,PontanoSans-Regular,RANDOM
Palanquin-ExtraLight,AdventPro-Light,RANDOM
AdventPro-Light,HindGuntur-Bold,RANDOM
Cinzel[wght],GrandHotel-Regular,RANDOM
Varta[wght],Allan-Bold,RANDOM
IMFELLDoublePica-Regular,QuattrocentoSans-Bold,RANDOM
MonteCarlo-Regular,MontserratAlternates-ExtraBold,RANDOM
Kufam[wght],Rajdhani-SemiBold,RANDOM
ShipporiMinchoB1-ExtraBold,BarlowSemiCondensed-ThinItalic,RANDOM
Unna-BoldItalic,Quantico-BoldItalic,RANDOM
Simonetta-Black,InriaSans-Regular,RANDOM
Overpass[wght],"SofiaSans-Italic[wdth,wght]",RANDOM
MiriamLibre-Regular,IBMPlexSansThai-SemiBold,RANDOM
Questrial-Regular,Teko-Medium,RANDOM
ScheherazadeNew-Regular,EncodeSansCondensed-ExtraLight,RANDOM
Trirong-LightItalic,Slabo27px-Regular,RANDOM
EncodeSansCondensed-SemiBold,Harmattan-Regular,RANDOM
Poppins-ExtraLightItalic,CabinCondensed-Bold,RANDOM
LibreBarcode39-Regular,Tuffy-Italic,RANDOM
Sansita-BoldItalic,YujiMai-Regular,RANDOM
Rubik[wght],Mirza-SemiBold,RANDOM
Tillana-Regular,Habibi-Regular,RANDOM
EncodeSansExpanded-Medium,EkMukta-ExtraLight,RANDOM
Koulen-Regular,RampartOne-Regular,RANDOM
Lora[wght],EkMukta-Medium,RANDOM
"Saira[wdth,wght]",QuattrocentoSans-Bold,RANDOM
Spectral-MediumItalic,Neuton-Bold,RANDOM
HindColombo-Bold,AlegreyaSans-ExtraBoldItalic,RANDOM
Merriweather-BlackItalic,Blinker-Bold,RANDOM
Livvic-ExtraLight,Mirza-SemiBold,RANDOM
BenchNine-Regular,Harmattan-Regular,RANDOM
MouseMemoirs-Regular,CherryBombOne-Regular,RANDOM
HindColombo-Regular,CormorantInfant-Bold,RANDOM
Charmonman-Bold,SourceSansPro-SemiBold,RANDOM
Voltaire-Regular,Sarpanch-Medium,RANDOM
BowlbyOne-Regular,"BodoniModa[opsz,wght]",RANDOM
TitilliumWeb-Bold,Lustria-Regular,RANDOM
FiraSansExtraCondensed-ExtraBoldItalic,FiraSans-Black,RANDOM
Zeyada,AveriaSansLibre-Bold,RANDOM
SairaCondensed-ExtraBold,Cardo-Bold,RANDOM