style1,style2
inflex-bold.npz,national-champion-line-series.npz
sand-writing.npz,wyomingspaghetti.npz
alphaluxe.npz,ramadesh.npz
1726-real-espanola.npz,riviera.npz
madeleine.npz,materhorn-nf.npz
ghouligoo.npz,eclectic-two.npz
after-5.npz,brandegoris.npz
kill-me.npz,mellnik.npz
garuda.npz,sensory-overload.npz
airbrake.npz,big-band.npz
praha-nouveau.npz,storyboard.npz
xxii-totenkult.npz,xxii-goregrinder.npz
kolyada.npz,pentaprism-nf.npz
charley-style.npz,affiche.npz
quiff.npz,metronic-slab-pro.npz
bismuth.npz,raker.npz
guadalajara.npz,az-fast-fury.npz
peapod.npz,diagonal-nd.npz
abigail-script.npz,ticketing.npz
neuzeits.npz,ff-network.npz
ltc-goudy-initials.npz,sensory-overload.npz
feltpen.npz,nixin.npz
brrrrr.npz,surfboard.npz
axion-stn.npz,quiff.npz
fordor-incised-nf.npz,signor.npz
ff-meta-correspondence.npz,feggolite.npz
winner.npz,pakenham-boss.npz
shiver-me-timbers-nf.npz,fluffy-slacks-btn.npz
eckhardt-poster-text.npz,martin-luther.npz
m-young-hei-prc.npz,display-black-serif.npz
agedage-caroline.npz,friz-quadrata-sh.npz
aeronaut.npz,alfabetica.npz
reservation-wide.npz,frys-baskerville.npz
1925-my-toy-print-deluxe-pro.npz,backstitch.npz
diogenes-decorative.npz,doodles-the-alphabet.npz
humble-bee.npz,mistral.npz
1880-kurrentshrift.npz,days-like-this.npz
devil-dog-btn.npz,huxley-amore.npz
slurm.npz,movieland.npz
ker-pow.npz,half-full-nf.npz
industriality.npz,mistral.npz
cross-stitch-monogram.npz,ave.npz
delicate.npz,hired-goons-bb.npz
cf-santiago.npz,monsieur-la-doulaise.npz
ff-providence-sans.npz,blend.npz
cold-spaghetti-btn.npz,limes.npz
rockinstead.npz,charbroiled.npz
paviljoen.npz,nora-art.npz
beefcakes.npz,raconteur-nf.npz
matchbook.npz,archive-garamond.npz
bardi.npz,weissenhof-grotesk.npz
display-black-serif.npz,nu-order.npz
conga-brava-mm.npz,vild-scapes.npz
cooper-black-sh.npz,fiddle-sticks-nf.npz
meteoric.npz,solar.npz
churchward-brush.npz,lamiar.npz
mohawcs-note.npz,fredericksburg-wbw.npz
polymorph.npz,macro.npz
stylist-pro.npz,paviljoen.npz
simplicity.npz,eclectic-two.npz
yuma.npz,qaskin.npz
garabato.npz,soli-px.npz
hired-goons-bb.npz,chic-chalk.npz
habitatus.npz,holiday-springs-btn.npz
cigar.npz,ff-quixo.npz
meyling.npz,hoboken-serial.npz
auxilia.npz,falcon-casual.npz
eleganza.npz,legionary.npz
blackhaus.npz,seria.npz
geodezyx-nf.npz,equip-slab.npz
nellie-kay-nf.npz,meritage.npz
lhf-comic-caps-2.npz,barbara-script-bh.npz
viktors-littl-creepy-horror.npz,aldo-manuzio.npz
bmx-radical.npz,pello.npz
edigna.npz,2-quadro.npz
snappy-patter-nf.npz,agneya.npz
murielle-handwriting.npz,national-champion-line-series.npz
fordor-incised-nf.npz,knew-font-jagged.npz
header.npz,2011-slimtype.npz
megatropolis.npz,bardi.npz
transmute.npz,punkfarm.npz
trafalgar-stencil.npz,borba-sans.npz
coldstyle.npz,legende.npz
trend-rough.npz,newstyle.npz
quirky-kurlz.npz,amelia.npz
pacifica.npz,tt-severs.npz
cooper-black-sb.npz,latinaires.npz
squarish.npz,costa-dorada.npz
cyan.npz,moderator.npz
pearson-stencil-nf.npz,mirielle.npz
cross-stitch-classic.npz,lualaba-snake.npz
monoron-sans.npz,magallanes.npz
kitten.npz,ht-profumeria.npz
octin-stencil.npz,linoletter.npz
turtellini-nf.npz,amalta.npz
pluto-sans.npz,beatnik-blue-aoe.npz
london-court.npz,bushcraft.npz
unstable-slab.npz,scorno.npz
conseil.npz,doodles-the-alphabet.npz
quinella.npz,amariya.npz
castle-on-the-hill.npz,stafford-serial.npz
lump.npz,andron-1-alchemical.npz
royal-classic.npz,nocturne-serif.npz
honeycombed.npz,monoron-sans.npz
1913-typewriter-carbon.npz,mountain.npz
coffee-service.npz,eight.npz
brandold.npz,big-band.npz
20-kopeek.npz,pluton.npz
cabrito-semi.npz,stay-gold.npz
pag-october.npz,ed-rogers.npz
crosshair.npz,blikfang.npz
planscribe-nf.npz,calder.npz
liebe-lotte.npz,strands.npz
dusty-circus.npz,felicity-script.npz
sophie-j.npz,taller-evolution.npz
nana-arabic.npz,olegiziano-classic.npz
ff-primary.npz,hand-it.npz
occam.npz,gerusa.npz
obrigado.npz,snowdrop.npz
beefcakes.npz,triplex-ot.npz
deco-inline.npz,leco-1976.npz
buckle.npz,beadmap.npz
portmeirion-no-6.npz,baq-metal.npz
glorious-song.npz,pastina.npz
bikini.npz,stampede.npz
bipolar-poster.npz,jacques-and-gilles.npz
ghouligoo.npz,skript.npz
social-gothic-2.npz,noyh-geometric.npz
bottomline.npz,garamond-simoncini-sb.npz
bistro.npz,sp-reka.npz
bazaruto.npz,bodoni-chancery.npz
auferstehung.npz,swissa-piccola.npz
dinghy.npz,compass-trf-stencil.npz
nantua.npz,cactus-flower-sg.npz
1880-kurrentshrift.npz,berstrom-dt.npz
naive-line-sans.npz,erqif.npz
freie-initialen.npz,rm-sans.npz
neat-hand.npz,sirba.npz
stay-gold.npz,manygo-semi-serif.npz
aeonis.npz,svafa.npz
conto-slab.npz,planscribe-nf.npz
cranked-pipe-2d.npz,soft-rock.npz
frakto-lt.npz,madcut.npz
bikini.npz,trellis.npz
skuul.npz,ruthie.npz
matchbook.npz,ljubljana.npz
jack-chain-aoe.npz,hawksmoor.npz
mensrea.npz,apollo.npz
cynapse-ot.npz,cattleman.npz
infilto.npz,danger-girl.npz
susan.npz,lonsdale.npz
publica-play.npz,skuul.npz
social-gothic-2.npz,bloket-pro.npz
duckie.npz,baba-rounded.npz
candy-cursive.npz,ywft-moteur.npz
food-vendor.npz,ghea-hayk-davtyan.npz
p22-yule.npz,yefimov-serif.npz
cal-neuland-bold.npz,prima.npz
acadian.npz,belleville-fy.npz
p22-yule.npz,deseada.npz
mvb-solitaire-pro.npz,volina.npz
kalendar.npz,sahara-bodoni.npz
lipstick.npz,vitrina.npz
feggolite.npz,knew-font-jagged.npz
lyrica.npz,p22-kirkwall.npz
reynard.npz,auxilia.npz
social-gothic-2.npz,astronaut-jones.npz
sugarskin-btn.npz,weissenhof-grotesk.npz
sissy-boy-bt.npz,gracia-series-40.npz
plumbsky.npz,leroy.npz
brouet-handwriting.npz,roves.npz
velvet-script.npz,elegeion-script.npz
gwendolyn.npz,pf-das-grotesk-pro.npz
bottomline.npz,hudson-ny.npz
pontiac.npz,icing.npz
slinkster.npz,soest-st-mary.npz
seminary.npz,squarish.npz
petrushka-nf.npz,ljubljana.npz
stafford-serial.npz,havana.npz
stilla-sh.npz,mozzart-sketch.npz
contax.npz,jay-handwriting-pro.npz
pakenham-boss.npz,bloket-pro.npz
gator.npz,kolyada.npz
triborough.npz,pascal.npz
fribble.npz,mono-neox.npz
enamel.npz,quadrate.npz
viento.npz,publica-play.npz
movieland.npz,bottle-kaps.npz
vineta.npz,regular.npz
tshikona.npz,melcheburn.npz
fg-erin.npz,handy-sans.npz
bikini.npz,steed.npz
makiritare.npz,inky-fingers.npz
baskerville-display-pt.npz,natalya-monoline.npz
bloco-pro.npz,andron-1-alchemical.npz
pontiac.npz,rns-ahumada.npz
sweetmix.npz,modularico-4f.npz
itc-officina-sans.npz,leco-1976.npz
egon-sans-condensed.npz,organon-serif.npz
standard-shaded-sans.npz,crique-grotesk.npz
cloister-old-style-sb.npz,monsieur-la-doulaise.npz
1925-my-toy-print-deluxe-pro.npz,black-mark.npz
rephran.npz,calaveras.npz
mpi-atlas.npz,paulette.npz
pearson-stencil-nf.npz,rounded.npz
high-german.npz,twentytwelve-sans-r.npz
rasteroids-monospace.npz,snowdrop.npz
byker.npz,haptic-script.npz
duckbite.npz,roncial.npz
ker-pow.npz,prelo-condensed.npz
tall-scrawl-nf.npz,grimm.npz
sante-pro.npz,ainslie-slab.npz
clarendon-paint.npz,reacher-sans.npz
ff-dome.npz,ottocento.npz
beatnik-blue-aoe.npz,calligraphica.npz
mvb-aunt-mildred.npz,signed.npz
elmcourt.npz,grafinc.npz
geronimo.npz,life-after-college.npz
hoxie.npz,architype-aubette.npz
moderator.npz,attica-rsz.npz
kg-defying-gravity.npz,griba.npz
albions-old-masthead.npz,lucia.npz
kensington.npz,alt-geko.npz
bodoni-sans.npz,tichy.npz
export-drive.npz,biscuit-boodle.npz
equip-slab.npz,maychurch.npz
mensrea.npz,black-mark.npz
aerokids.npz,tita-script.npz
century-gothic.npz,ales-script.npz
century-nova-sb.npz,halewyn.npz
runcible.npz,movieland.npz
buddy-tequila.npz,felicity-script.npz
isometrica.npz,polyflec.npz
ilbit.npz,ganache.npz
blikfang.npz,Hyggebukser.npz
tshikona.npz,jay-handwriting-pro.npz
hasty-hand.npz,falcon-casual.npz
maychurch.npz,frieda.npz
wausau.npz,camden.npz
bodoni-classic-1.npz,baskerville-display-pt.npz
eckhardt-informal.npz,sante-pro.npz
priamos-serial.npz,scorno.npz
20-kopeek.npz,lido-stf.npz
cinderblock.npz,dwiggins-deco.npz
silver-age-bb.npz,brandold.npz
high-german.npz,sprig.npz
aardvark-dreams.npz,mrs-blackfort.npz
p22-kirkwall.npz,ff-droids.npz
sivellin.npz,naughties.npz
publica-play.npz,celtiberica.npz
lore.npz,raster-gothic.npz
jolly-good-sans-condensed.npz,apollo.npz
ronita.npz,suomi-hand-script.npz
rm-slabb.npz,henny.npz
bismuth.npz,sacre-bleu.npz
dutch-mediaeval-book-st.npz,planscribe-nf.npz
factor-bf.npz,lust-pro-didone.npz
neuzeits.npz,solitas.npz
makika.npz,copa-sharp-btn.npz
ottocento.npz,huxley-amore.npz
merlod.npz,1880-kurrentshrift.npz
speedometer.npz,nyx.npz
sofia-pro-soft.npz,bellflower.npz
fm-julie.npz,chinoise.npz
conga-brava-mm.npz,1913-typewriter-carbon.npz
ff-meta-correspondence.npz,ff-ophelia.npz
slinkster.npz,marbach.npz
tulks-victorian-banner.npz,merina.npz
rag-fy.npz,mineraline.npz
tickety-boo-nf.npz,sunwind.npz
altra-two.npz,raconteur-nf.npz
bikini.npz,karlo.npz
theory-fy.npz,publica-play.npz
ff-scribble.npz,sessions.npz
rounded.npz,titling-no-11.npz
sangre-bb.npz,archive-blackcap.npz
lignette.npz,zebra-skin.npz
movieland.npz,somewhat.npz
ff-witches.npz,jolly-good-sans-condensed.npz
captain-comic.npz,elisar-dt.npz
wilde-fraktur-pro.npz,archive-modern-ii.npz
linoletter.npz,clearface-serial.npz
album-cover.npz,baltica.npz
gascogne-serial.npz,solar.npz
kate-greenaways-alphabet.npz,twenty-four-ninety-one.npz
auferstehung.npz,peerless.npz
ff-dome.npz,lindau.npz
archive-modern-ii.npz,mixed-tape-rough.npz
qonora.npz,mamontov.npz
sessions.npz,uncial-antiqua-pro.npz
reynard.npz,fluffy-slacks-btn.npz
halogen-slab.npz,mistral.npz
graveblade.npz,consolas.npz
architype-aubette.npz,viktors-littl-creepy-horror.npz
infilto.npz,mr-dum-dum.npz
alambart.npz,phunky-ella-nf.npz
aristotelica.npz,claytonia.npz
konga-pro.npz,tt-firs.npz
formula.npz,ca-rusty-nail.npz
tt-supermolot.npz,kg-kiss-me-slowly.npz
meteoric.npz,biscotti.npz
gitchgitch.npz,cadogan.npz
buddy-suit.npz,movieland.npz
skyscraper.npz,flowertype.npz
broadgauge-ornate.npz,madeleine.npz
ganache.npz,ca-rebel-party-rebel.npz
df-stromboli.npz,tangra.npz
baskerville-display-pt.npz,bodoni-sans.npz
dranskof.npz,otherwise.npz
bmx-radical.npz,linoletter.npz
gleaming-the-cube.npz,stafford-serial.npz
kill-me.npz,syke-mono.npz
mvb-emmascript.npz,cherub.npz
steletto-os-flair.npz,eckhardt-headline.npz
animal-zoo.npz,shango-sans.npz
mono-neox.npz,solitas.npz
phorfeit-brk-pro.npz,tt-firs.npz
hand-gothic.npz,organika.npz
mensura.npz,luckiest-softie-pro.npz
beyond-babylon.npz,janda-fabulous.npz
ravenna-serial.npz,brass-stencil.npz
peperoncino-vintage.npz,bradley-chancery.npz
sketchpad-note.npz,stencil-board-oblique.npz
fribble.npz,ronan.npz
ghiberti.npz,calder.npz
saddle-hitch.npz,nana.npz
santoro-script.npz,constanze-pro.npz
clarendon-paint.npz,squarish.npz
razom-script.npz,core-sans-m.npz
digideco.npz,carbon.npz
artemis-sans.npz,hells-kittchen-devil-god.npz
latinaires.npz,soft-rock.npz
reservation-wide.npz,ff-primary.npz
tartufo.npz,dahaut.npz
corporate-a-pro.npz,karlo.npz
skratch.npz,mensrea.npz
ff-witches.npz,kidela.npz
bernhard-modern.npz,bookeyed-jack.npz
pacific-script.npz,paleos.npz
ticketing.npz,grunge-formal.npz
arcus.npz,featured-item.npz
oksana-std.npz,blanc.npz
lockon.npz,stay-true.npz
architype-bayer.npz,transmute.npz
asterism-clean.npz,marceta.npz
drawzing.npz,liesel.npz
balboa-shaded.npz,sundae.npz
pag-bankas.npz,nowa.npz
xenois-sans-pro.npz,depot-trapharet-2d.npz
zwoelf.npz,spaghetti-and-cheese.npz
display-art-three.npz,scorno.npz
vida-pro.npz,osama-modern.npz
slam-normal.npz,kg-miss-kindergarten.npz
reynard.npz,carlo-handwriting.npz
vivala-unicase.npz,eina.npz
callouts.npz,bulletto.npz
tattooflash-fingers.npz,triplex-ot.npz
royal-classic.npz,hard-rain.npz
digideco.npz,tokig-px.npz
sancoale.npz,ff-quixo.npz
tunesmith.npz,parametra.npz
elisabeth.npz,hildegard-lt.npz
segoe-tv.npz,raker.npz
chicken-basket.npz,yeti.npz
sticks.npz,cheltenham-old-style-sb.npz
granz.npz,pintanina.npz
calligraffiti-pro.npz,popcorn.npz
ghouligoo.npz,archive-black-title.npz
fertigo-pro.npz,baba-rounded.npz
deco-metro.npz,amster.npz
miramonte-pro.npz,monod.npz
typewriter-1950-tech-mono.npz,wysp.npz
polymorph.npz,ut-triumph.npz
maladroit.npz,reacher-sans.npz
obdulia.npz,coffeemugs.npz
beatrix-antiqua.npz,tres-tres-chic.npz
board-deluxe.npz,regular.npz
pensum-pro.npz,nixrift.npz
fg-erin.npz,sympathique.npz
stitch-warrior.npz,at-move-specx-stncl.npz
growling.npz,blooms.npz
sirba.npz,noyh-geometric.npz
cast-shadow.npz,avesta-extra-bold.npz
ladronn.npz,plau.npz
designer-script.npz,nyx.npz
aller-typo.npz,pink-martini-bv.npz
agedage-caroline.npz,buffalo-joe.npz
susurrus-bb.npz,reinstaedt.npz
kuenstler-script.npz,vivala-unicase.npz
spaghetti-and-cheese.npz,pf-centro-slab-pro.npz
stampoo.npz,retch.npz
clairemy.npz,beatnik-blue-aoe.npz
oranjerie.npz,deliscript.npz
hwt-bon-air.npz,pf-das-grotesk-pro.npz
shanks-antique-5-aoe-pro.npz,the-carmichael-theorum.npz
schema.npz,coreopsis.npz
brandegoris.npz,humble-bee.npz
favorite-stencil.npz,macquarie-heavy.npz
draft-beer.npz,atomic-clock-radio-2003.npz
rasteroids-monospace.npz,expose.npz
diamond.npz,catalina.npz
garamond-premier.npz,scandilover.npz
wolvercote.npz,ff-layout.npz
square-80.npz,rigo.npz
ff-quixo.npz,cerny.npz
zwoelf.npz,limes.npz
pragmata.npz,material.npz
squarish.npz,2011-slimtype.npz
gramma.npz,nyx.npz
sign-engraver.npz,stock.npz
future-imperfect.npz,scrans.npz
vendome-sb.npz,safe-font.npz
olicana.npz,paulette.npz
alambart.npz,rocket-pop-outline.npz
evadare.npz,halewyn.npz
buckle.npz,noyh.npz
oscar.npz,take-two.npz
nahual-claw.npz,flute.npz
coreopsis.npz,chinoise.npz
hired-goons-bb.npz,text-book.npz
zwoelf.npz,superwood.npz
pello.npz,nifty-script.npz
ambie-skratch.npz,herbaceous-border.npz
northumbria.npz,pradell.npz
eckhardt-informal.npz,ross.npz
helion.npz,paltime.npz
reklamefraktur.npz,personality.npz
silver-age-bb.npz,whoosh.npz
adriane-swash.npz,creepster-pro.npz
bmx-radical.npz,bottomline.npz
huevo.npz,upperclass.npz
saddle-hitch.npz,romantico.npz
dulsinea.npz,marceta.npz
hoxie.npz,blackhaus.npz
zabars.npz,trade-journal.npz
az-declan.npz,bardi.npz
text-book.npz,kulacino.npz
stafford-serial.npz,ljubljana.npz
ff-meta-correspondence.npz,scape.npz
duckie.npz,filmstar.npz
eight.npz,filson-soft.npz
duckbite.npz,cheltenham-old-style-sb.npz
zwoelf.npz,crique-grotesk.npz
enamel.npz,mr-bedfort.npz
selene.npz,melkslijter.npz
punkfarm.npz,battlexoid.npz
poultry-and-fish.npz,lindore.npz
blowfish.npz,coreopsis.npz
ff-providence-sans.npz,fluxus.npz
old-mac-donald-nf.npz,down-with-the-king.npz
20-kopeek.npz,mythnight.npz
starring.npz,melkslijter.npz
foundry-old-style.npz,arethusa-pro.npz
clarendon-sh.npz,julieta.npz
slinkster.npz,herbaceous-border.npz
sessions.npz,meshuggeneh.npz
high-tea.npz,bodoni-chancery.npz
mohawcs-note.npz,normative-pro.npz
publica-play.npz,punkfarm.npz
devil-dog-btn.npz,raimoo.npz
haute-couture.npz,neutraliser-sans.npz
ff-angst.npz,scandal.npz
millettre.npz,catalina.npz
moliere.npz,varvid.npz
abendschroth.npz,moliere.npz
kg-defying-gravity.npz,luxor-pro.npz
tita-script.npz,ff-a-lazy-day.npz
lualaba-snake.npz,musical-arrangement.npz
drama-queen.npz,squiddles.npz
tarocco.npz,sketchpad-note.npz
roos-st.npz,noh-green-raven.npz
top-hat.npz,bremen.npz
sammy-boy.npz,ff-graffio.npz
naughties.npz,bulletto.npz
kinver.npz,garamond-premier.npz
prehysteric.npz,beynkales.npz
dusty-circus.npz,sales-event.npz
grimm.npz,svengali-roman.npz
equipcondensed.npz,comic-opera.npz
meyling.npz,ales-script.npz
neat-hand.npz,obsession.npz
cheval.npz,hired-goons-bb.npz
sangre-bb.npz,hawksmoor.npz
mr-bedfort.npz,suit-sans-pro.npz
mitosis.npz,romantico.npz
auferstehung.npz,dwiggins-deco.npz
macro.npz,hollander.npz
tribute-ot.npz,swissa-piccola.npz
ottocento.npz,lucia.npz
mingler-2.npz,cirquela.npz
luft.npz,activist.npz
neuzeits.npz,wysp.npz
olegiziano-classic.npz,dortmunder-ecke.npz
automnious.npz,klee-print.npz
gramma.npz,celtiberica.npz
calgary-script.npz,alleyn.npz
killer-ants.npz,therhoernen.npz
hotel-district.npz,schema.npz
sprig.npz,lido-stf.npz
kresson.npz,wet-pussycat.npz
